{
	"schemaVersion": 1,
	"id": "fast-winds",
	"version": "${version}",
	"name": "Fast Winds",
	"description": "This is an example description! Tell everyone what your mod is about!",
	"authors": [
		"Me!"
	],
	"contact": {
		"homepage": "https://fabricmc.net/",
		"sources": "https://github.com/FabricMC/fabric-example-mod"
	},
	"license": "CC0-1.0",
	"icon": "assets/fast-winds/icon.png",
	"environment": "*",
	"entrypoints": {
		"main": [
			"stickia.github.fastwinds.FastWinds"
		],
		"client": [
			"stickia.github.fastwinds.FastWindsClient"
		]
	},
	"mixins": [
		"fast-winds.mixins.json",
		{
			"config": "fast-winds.client.mixins.json",
			"environment": "client"
		}
	],
	"depends": {
		"fabricloader": ">=0.15.11",
		"minecraft": "~1.21-",
		"java": ">=21",
		"fabric-api": "*"
	},
	"suggests": {
		"another-mod": "*"
	}
}